Title,Category,Status,Tagline,Audience,CTA
Agent Command Center (ACC),AI Operating System,Pre-production / integration hardening,AI Operating System for Execution.,"Founders, operators, creators, agencies, and teams who want one command center for AI-assisted execution.",Present ACC as the central operating system behind the ecosystem.
Alphonso Ecosystem,Local-first AI Ecosystem,Desktop ecosystem / operator-grade build track,A living AI ecosystem for serious operators.,"Power users, founders, creators, operators, and technical teams who want private local AI workstations.",Use Alphonso as the flagship product story for the ecosystem.
SessionGuard,Behavior Analytics Platform,Product build / V10.1 wiring milestone,Turn every session into intelligence.,"Users who want personal analytics, reports, risk tags, and decision pattern review without gambling advice or outcome promises.","Position as a responsible analytics product, not a gaming recommendation tool."
TapCash,Rewards Platform,Concept / business planning,Simple rewards. Smarter growth.,"Consumers looking for rewards, and operators seeking a lean platform with offerwall integrations and fraud controls.",Use as a future venture page with waitlist capture.
Obsidian Media,Media & Content Strategy,Business concept / launch package,Content systems for brands that want momentum.,"Small businesses, creators, founders, and brands needing consistent content and growth systems.",Use this as the outward-facing marketing/content services brand.
Obsidian Studios,Creative Production Studio,Business concept / studio services,Premium creative systems for modern brands.,"Creators, startups, service businesses, and brands needing premium visuals and production packages.",Use this as the visual production arm connected to Obsidian Media.
Blazely,Marketing Automation Venture,Concept / workflow design,Launch faster. Capture leads. Grow smarter.,Local businesses and service providers that want low-friction marketing execution and lead generation.,Position as a practical revenue-generating service business.
Founder Project,AI Company-in-a-Box,Strategic concept / productization track,From idea to operating company system.,"Solo founders, early-stage entrepreneurs, creators, agencies, and operators starting new digital ventures.",Use as a packaged product or paid starter system.
Cullinan Construction,Construction Services,Operating / service business,Construction execution with clarity and control.,"Homeowners, property owners, investors, and developers in Ontario seeking trustworthy construction execution.",Keep this as a separate business page or sub-brand with its own service funnel.
AI Tourist Assistant Platform,Travel / Event Opportunity,Opportunity concept,A smarter local guide for major-event visitors.,"Tourists, visitors, hotels, local businesses, event organizers, and destination marketers.",Use as an opportunity page or future product waitlist.
UniUni DSP Opportunity,Logistics Business Opportunity,Research / evaluation,Evaluate the logistics opportunity before you commit.,"Entrepreneurs exploring courier, last-mile delivery, fleet, and logistics opportunities.",Use as a research-backed business evaluation page.
